message,color,code,instructions,data,ip,username,sessionId
Not found,danger,404,Please try again.,No data provided.,,,744e0cc0-5d9c-49e9-841c-119a044160b2
Not found,danger,404,Please try again.,No data provided.,,,744e0cc0-5d9c-49e9-841c-119a044160b2
Not found,danger,404,Please try again.,No data provided.,,,744e0cc0-5d9c-49e9-841c-119a044160b2
Not found,danger,404,Please try again.,No data provided.,,,744e0cc0-5d9c-49e9-841c-119a044160b2
Not found,danger,404,Please try again.,No data provided.,,,744e0cc0-5d9c-49e9-841c-119a044160b2
Not found,danger,404,Please try again.,No data provided.,,,744e0cc0-5d9c-49e9-841c-119a044160b2
Not found,danger,404,Please try again.,No data provided.,,,744e0cc0-5d9c-49e9-841c-119a044160b2
Not found,danger,404,Please try again.,No data provided.,,,744e0cc0-5d9c-49e9-841c-119a044160b2
Not found,danger,404,Please try again.,No data provided.,,,744e0cc0-5d9c-49e9-841c-119a044160b2
Not found,danger,404,Please try again.,No data provided.,,,744e0cc0-5d9c-49e9-841c-119a044160b2
Not found,danger,404,Please try again.,No data provided.,,,744e0cc0-5d9c-49e9-841c-119a044160b2
Not found,danger,404,Please try again.,No data provided.,,,744e0cc0-5d9c-49e9-841c-119a044160b2
Not found,danger,404,Please try again.,No data provided.,,,744e0cc0-5d9c-49e9-841c-119a044160b2
Not found,danger,404,Please try again.,No data provided.,,,744e0cc0-5d9c-49e9-841c-119a044160b2
Not found,danger,404,Please try again.,No data provided.,,,744e0cc0-5d9c-49e9-841c-119a044160b2
Not found,danger,404,Please try again.,No data provided.,,,744e0cc0-5d9c-49e9-841c-119a044160b2
Not found,danger,404,Please try again.,No data provided.,,,744e0cc0-5d9c-49e9-841c-119a044160b2
Not found,danger,404,Please try again.,No data provided.,,,744e0cc0-5d9c-49e9-841c-119a044160b2
Not found,danger,404,Please try again.,No data provided.,,,744e0cc0-5d9c-49e9-841c-119a044160b2
Not found,danger,404,Please try again.,No data provided.,,,744e0cc0-5d9c-49e9-841c-119a044160b2
Not found,danger,404,Please try again.,No data provided.,,,744e0cc0-5d9c-49e9-841c-119a044160b2
Not found,danger,404,Please try again.,No data provided.,,,744e0cc0-5d9c-49e9-841c-119a044160b2
Not found,danger,404,Please try again.,No data provided.,,,744e0cc0-5d9c-49e9-841c-119a044160b2
Not found,danger,404,Please try again.,No data provided.,,,744e0cc0-5d9c-49e9-841c-119a044160b2
Not found,danger,404,Please try again.,No data provided.,,,744e0cc0-5d9c-49e9-841c-119a044160b2
Not found,danger,404,Please try again.,No data provided.,,,744e0cc0-5d9c-49e9-841c-119a044160b2
Not found,danger,404,Please try again.,No data provided.,,,744e0cc0-5d9c-49e9-841c-119a044160b2
Not found,danger,404,Please try again.,No data provided.,,,744e0cc0-5d9c-49e9-841c-119a044160b2
Not found,danger,404,Please try again.,No data provided.,,,744e0cc0-5d9c-49e9-841c-119a044160b2
Not found,danger,404,Please try again.,No data provided.,,,744e0cc0-5d9c-49e9-841c-119a044160b2
Not found,danger,404,Please try again.,No data provided.,,,744e0cc0-5d9c-49e9-841c-119a044160b2
Not found,danger,404,Please try again.,No data provided.,,,744e0cc0-5d9c-49e9-841c-119a044160b2
Not found,danger,404,Please try again.,No data provided.,,,744e0cc0-5d9c-49e9-841c-119a044160b2
Not found,danger,404,Please try again.,No data provided.,,,744e0cc0-5d9c-49e9-841c-119a044160b2
Not found,danger,404,Please try again.,No data provided.,,,744e0cc0-5d9c-49e9-841c-119a044160b2
Not found,danger,404,Please try again.,No data provided.,,,744e0cc0-5d9c-49e9-841c-119a044160b2
Not found,danger,404,Please try again.,No data provided.,,,744e0cc0-5d9c-49e9-841c-119a044160b2
Not found,danger,404,Please try again.,No data provided.,,,744e0cc0-5d9c-49e9-841c-119a044160b2
Not found,danger,404,Please try again.,No data provided.,,,744e0cc0-5d9c-49e9-841c-119a044160b2
Not found,danger,404,Please try again.,No data provided.,,,744e0cc0-5d9c-49e9-841c-119a044160b2
Your account has been created.,success,200,You will be redirected to the login page,/account/sign-in,No data provided.,,,744e0cc0-5d9c-49e9-841c-119a044160b2
Not found,danger,404,Please try again.,No data provided.,,,744e0cc0-5d9c-49e9-841c-119a044160b2
Not found,danger,404,Please try again.,No data provided.,,,744e0cc0-5d9c-49e9-841c-119a044160b2
Your account has been created.,success,200,You will be redirected to the login page,/account/sign-in,No data provided.,,,744e0cc0-5d9c-49e9-841c-119a044160b2
Not found,danger,404,Please try again.,No data provided.,,,744e0cc0-5d9c-49e9-841c-119a044160b2
Not found,danger,404,Please try again.,No data provided.,,,744e0cc0-5d9c-49e9-841c-119a044160b2
Not found,danger,404,Please try again.,No data provided.,,,744e0cc0-5d9c-49e9-841c-119a044160b2
Not found,danger,404,Please try again.,No data provided.,,,744e0cc0-5d9c-49e9-841c-119a044160b2
Not found,danger,404,Please try again.,No data provided.,,,744e0cc0-5d9c-49e9-841c-119a044160b2
Not found,danger,404,Please try again.,No data provided.,,,744e0cc0-5d9c-49e9-841c-119a044160b2
Not found,danger,404,Please try again.,No data provided.,,,744e0cc0-5d9c-49e9-841c-119a044160b2
Not found,danger,404,Please try again.,No data provided.,,,744e0cc0-5d9c-49e9-841c-119a044160b2
Not found,danger,404,Please try again.,No data provided.,,,744e0cc0-5d9c-49e9-841c-119a044160b2
Not found,danger,404,Please try again.,No data provided.,,,744e0cc0-5d9c-49e9-841c-119a044160b2
Not found,danger,404,Please try again.,No data provided.,,,744e0cc0-5d9c-49e9-841c-119a044160b2
Not found,danger,404,Please try again.,No data provided.,,,744e0cc0-5d9c-49e9-841c-119a044160b2
Not found,danger,404,Please try again.,No data provided.,,,744e0cc0-5d9c-49e9-841c-119a044160b2
Not found,danger,404,Please try again.,No data provided.,,,744e0cc0-5d9c-49e9-841c-119a044160b2
Not found,danger,404,Please try again.,No data provided.,,,744e0cc0-5d9c-49e9-841c-119a044160b2
Not found,danger,404,Please try again.,No data provided.,,,744e0cc0-5d9c-49e9-841c-119a044160b2
Not found,danger,404,Please try again.,No data provided.,,,744e0cc0-5d9c-49e9-841c-119a044160b2
Not found,danger,404,Please try again.,No data provided.,,,744e0cc0-5d9c-49e9-841c-119a044160b2
Not found,danger,404,Please try again.,No data provided.,,,744e0cc0-5d9c-49e9-841c-119a044160b2
Not found,danger,404,Please try again.,No data provided.,,,744e0cc0-5d9c-49e9-841c-119a044160b2
Not found,danger,404,Please try again.,No data provided.,,,744e0cc0-5d9c-49e9-841c-119a044160b2
Not found,danger,404,Please try again.,No data provided.,,,744e0cc0-5d9c-49e9-841c-119a044160b2
Not found,danger,404,Please try again.,No data provided.,,,744e0cc0-5d9c-49e9-841c-119a044160b2
Not found,danger,404,Please try again.,No data provided.,,,744e0cc0-5d9c-49e9-841c-119a044160b2
Not found,danger,404,Please try again.,No data provided.,,,744e0cc0-5d9c-49e9-841c-119a044160b2
Not found,danger,404,Please try again.,No data provided.,,,744e0cc0-5d9c-49e9-841c-119a044160b2
Not found,danger,404,Please try again.,No data provided.,,,744e0cc0-5d9c-49e9-841c-119a044160b2
Not found,danger,404,Please try again.,No data provided.,,,744e0cc0-5d9c-49e9-841c-119a044160b2
Not found,danger,404,Please try again.,No data provided.,,,744e0cc0-5d9c-49e9-841c-119a044160b2
Not found,danger,404,Please try again.,No data provided.,,,744e0cc0-5d9c-49e9-841c-119a044160b2
Not found,danger,404,Please try again.,No data provided.,,,744e0cc0-5d9c-49e9-841c-119a044160b2
Not found,danger,404,Please try again.,No data provided.,,,744e0cc0-5d9c-49e9-841c-119a044160b2
Not found,danger,404,Please try again.,No data provided.,,,744e0cc0-5d9c-49e9-841c-119a044160b2
Not found,danger,404,Please try again.,No data provided.,,,744e0cc0-5d9c-49e9-841c-119a044160b2
Not found,danger,404,Please try again.,No data provided.,,,744e0cc0-5d9c-49e9-841c-119a044160b2
Not found,danger,404,Please try again.,No data provided.,,,744e0cc0-5d9c-49e9-841c-119a044160b2
Not found,danger,404,Please try again.,No data provided.,,,744e0cc0-5d9c-49e9-841c-119a044160b2
Not found,danger,404,Please try again.,No data provided.,,,744e0cc0-5d9c-49e9-841c-119a044160b2
Not found,danger,404,Please try again.,No data provided.,,,744e0cc0-5d9c-49e9-841c-119a044160b2
Not found,danger,404,Please try again.,No data provided.,,,744e0cc0-5d9c-49e9-841c-119a044160b2
Not found,danger,404,Please try again.,No data provided.,,,744e0cc0-5d9c-49e9-841c-119a044160b2
Not found,danger,404,Please try again.,No data provided.,,,744e0cc0-5d9c-49e9-841c-119a044160b2
Not found,danger,404,Please try again.,No data provided.,,,744e0cc0-5d9c-49e9-841c-119a044160b2
Not found,danger,404,Please try again.,No data provided.,,,744e0cc0-5d9c-49e9-841c-119a044160b2
Not found,danger,404,Please try again.,No data provided.,,,744e0cc0-5d9c-49e9-841c-119a044160b2
Not found,danger,404,Please try again.,No data provided.,,,744e0cc0-5d9c-49e9-841c-119a044160b2
Not found,danger,404,Please try again.,No data provided.,,,744e0cc0-5d9c-49e9-841c-119a044160b2
Not found,danger,404,Please try again.,No data provided.,,,744e0cc0-5d9c-49e9-841c-119a044160b2
Not found,danger,404,Please try again.,No data provided.,,,744e0cc0-5d9c-49e9-841c-119a044160b2
Not found,danger,404,Please try again.,No data provided.,,,744e0cc0-5d9c-49e9-841c-119a044160b2
Not found,danger,404,Please try again.,No data provided.,,,744e0cc0-5d9c-49e9-841c-119a044160b2
Not found,danger,404,Please try again.,No data provided.,,,744e0cc0-5d9c-49e9-841c-119a044160b2
Not found,danger,404,Please try again.,No data provided.,,,744e0cc0-5d9c-49e9-841c-119a044160b2
Not found,danger,404,Please try again.,No data provided.,,,744e0cc0-5d9c-49e9-841c-119a044160b2
Not found,danger,404,Please try again.,No data provided.,,,744e0cc0-5d9c-49e9-841c-119a044160b2
Not found,danger,404,Please try again.,No data provided.,,,744e0cc0-5d9c-49e9-841c-119a044160b2
Not found,danger,404,Please try again.,No data provided.,,,744e0cc0-5d9c-49e9-841c-119a044160b2
Not found,danger,404,Please try again.,No data provided.,,,744e0cc0-5d9c-49e9-841c-119a044160b2
Not found,danger,404,Please try again.,No data provided.,,,744e0cc0-5d9c-49e9-841c-119a044160b2
